Ref Code,Type,Topic,Service Mapping
‡∏°‡∏≤‡∏ï‡∏£‡∏≤ 13(5),‡∏û.‡∏£.‡∏ö.‡πÑ‡∏ã‡πÄ‡∏ö‡∏≠‡∏£‡πå,‡∏´‡∏ô‡πà‡∏ß‡∏¢‡∏á‡∏≤‡∏ô CII ‡∏ï‡πâ‡∏≠‡∏á‡∏Å‡∏≥‡∏´‡∏ô‡∏î‡∏°‡∏≤‡∏ï‡∏£‡∏ê‡∏≤‡∏ô‡∏ó‡∏µ‡πà‡πÄ‡∏´‡∏°‡∏≤‡∏∞‡∏™‡∏°‡πÄ‡∏û‡∏∑‡πà‡∏≠‡∏£‡∏±‡∏ö‡∏°‡∏∑‡∏≠‡∏†‡∏±‡∏¢‡∏Ñ‡∏∏‡∏Å‡∏Ñ‡∏≤‡∏°‡πÑ‡∏ã‡πÄ‡∏ö‡∏≠‡∏£‡πå,"üîπ NIST CSF Gap Assessment
üîπ Cybersecurity Maturity Assessment"
"‡∏°‡∏≤‡∏ï‡∏£‡∏≤ 43, 44, 45",‡∏û.‡∏£.‡∏ö.‡πÑ‡∏ã‡πÄ‡∏ö‡∏≠‡∏£‡πå,‡∏´‡∏ô‡πà‡∏ß‡∏¢‡∏á‡∏≤‡∏ô‡∏ï‡πâ‡∏≠‡∏á‡∏°‡∏µ‡∏ô‡πÇ‡∏¢‡∏ö‡∏≤‡∏¢ ‡∏°‡∏≤‡∏ï‡∏£‡∏ê‡∏≤‡∏ô ‡πÅ‡∏•‡∏∞‡πÅ‡∏ô‡∏ß‡∏ó‡∏≤‡∏á‡∏Å‡∏≤‡∏£‡∏õ‡πâ‡∏≠‡∏á‡∏Å‡∏±‡∏ô‡∏†‡∏±‡∏¢‡πÑ‡∏ã‡πÄ‡∏ö‡∏≠‡∏£‡πå‡∏ï‡∏≤‡∏°‡πÅ‡∏ú‡∏ô‡∏Ç‡∏≠‡∏á‡∏ä‡∏≤‡∏ï‡∏¥,"üîπ NIST CSF Gap Assessment (Policy & Controls)
üîπ Baseline Readiness Only"
‡∏°‡∏≤‡∏ï‡∏£‡∏≤ 54,‡∏û.‡∏£.‡∏ö.‡πÑ‡∏ã‡πÄ‡∏ö‡∏≠‡∏£‡πå,‡∏õ‡∏£‡∏∞‡πÄ‡∏°‡∏¥‡∏ô‡∏Ñ‡∏ß‡∏≤‡∏°‡πÄ‡∏™‡∏µ‡πà‡∏¢‡∏á‡πÅ‡∏•‡∏∞‡∏ï‡∏£‡∏ß‡∏à‡∏™‡∏≠‡∏ö‡∏£‡∏∞‡∏ö‡∏ö‡∏Ñ‡∏ß‡∏≤‡∏°‡∏°‡∏±‡πà‡∏ô‡∏Ñ‡∏á‡πÑ‡∏ã‡πÄ‡∏ö‡∏≠‡∏£‡πå‡∏≠‡∏¢‡πà‡∏≤‡∏á‡∏ô‡πâ‡∏≠‡∏¢‡∏õ‡∏µ‡∏•‡∏∞‡∏Ñ‡∏£‡∏±‡πâ‡∏á ‡πÇ‡∏î‡∏¢‡∏ú‡∏π‡πâ‡∏õ‡∏£‡∏∞‡πÄ‡∏°‡∏¥‡∏ô‡∏†‡∏≤‡∏¢‡πÉ‡∏ô/‡∏†‡∏≤‡∏¢‡∏ô‡∏≠‡∏Å,üîπ Cyber Risk Assessment (IT/OT)
‡∏°‡∏≤‡∏ï‡∏£‡∏≤ 58,‡∏û.‡∏£.‡∏ö.‡πÑ‡∏ã‡πÄ‡∏ö‡∏≠‡∏£‡πå,‡∏´‡∏ô‡πà‡∏ß‡∏¢‡∏á‡∏≤‡∏ô‡∏ï‡πâ‡∏≠‡∏á‡∏£‡∏±‡∏ö‡∏°‡∏∑‡∏≠‡∏Å‡∏±‡∏ö‡∏†‡∏±‡∏¢‡∏Ñ‡∏∏‡∏Å‡∏Ñ‡∏≤‡∏°‡πÑ‡∏ã‡πÄ‡∏ö‡∏≠‡∏£‡πå ‡πÇ‡∏î‡∏¢‡∏ï‡πâ‡∏≠‡∏á‡∏õ‡∏£‡∏∞‡πÄ‡∏°‡∏¥‡∏ô‡∏™‡∏ñ‡∏≤‡∏ô‡∏Å‡∏≤‡∏£‡∏ì‡πå ‡∏ï‡∏£‡∏ß‡∏à‡∏™‡∏≠‡∏ö ‡∏õ‡πâ‡∏≠‡∏á‡∏Å‡∏±‡∏ô ‡πÅ‡∏à‡πâ‡∏á‡πÄ‡∏´‡∏ï‡∏∏ ‡∏Ø‡∏•‡∏Ø,üîπ Cyber Incident Response Plan (IRP)
‡∏°‡∏≤‡∏ï‡∏£‡∏≤ 59,‡∏û.‡∏£.‡∏ö.‡πÑ‡∏ã‡πÄ‡∏ö‡∏≠‡∏£‡πå,‡∏™‡∏ô‡∏±‡∏ö‡∏™‡∏ô‡∏∏‡∏ô‡∏´‡∏ô‡πà‡∏ß‡∏¢‡∏á‡∏≤‡∏ô‡∏≠‡∏∑‡πà‡∏ô‡πÉ‡∏ô‡∏Å‡∏≤‡∏£‡∏£‡∏±‡∏ö‡∏°‡∏∑‡∏≠‡∏†‡∏±‡∏¢‡πÑ‡∏ã‡πÄ‡∏ö‡∏≠‡∏£‡πå ‡πÅ‡∏•‡∏∞‡πÅ‡∏à‡πâ‡∏á‡πÄ‡∏ï‡∏∑‡∏≠‡∏ô‡πÄ‡∏°‡∏∑‡πà‡∏≠‡∏û‡∏ö‡∏†‡∏±‡∏¢,üîπ CIRP Tabletop Exercise (TTX)
‡∏Ç‡πâ‡∏≠ 21.3.6,‡∏Å‡∏£‡∏≠‡∏ö‡∏°‡∏≤‡∏ï‡∏£‡∏ê‡∏≤‡∏ô,‡∏ï‡πâ‡∏≠‡∏á‡∏°‡∏µ‡∏Å‡∏≤‡∏£‡∏ó‡∏î‡∏™‡∏≠‡∏ö‡πÄ‡∏à‡∏≤‡∏∞‡∏£‡∏∞‡∏ö‡∏ö‡∏≠‡∏¢‡πà‡∏≤‡∏á‡∏ô‡πâ‡∏≠‡∏¢‡∏õ‡∏µ‡∏•‡∏∞ 1 ‡∏Ñ‡∏£‡∏±‡πâ‡∏á,üîπ Penetration Testing (PT)
‡∏Ç‡πâ‡∏≠ 22.2.2-22.2.4,‡∏Å‡∏£‡∏≠‡∏ö‡∏°‡∏≤‡∏ï‡∏£‡∏ê‡∏≤‡∏ô,"‡∏ï‡πâ‡∏≠‡∏á‡∏°‡∏µ Security Baseline, ‡∏ï‡∏£‡∏ß‡∏à‡∏™‡∏≠‡∏ö‡πÅ‡∏•‡∏∞ Review",üîπ Security Hardening & Baseline Configuration Review
‡∏Ç‡πâ‡∏≠ 21.3.1-21.3.3,‡∏Å‡∏£‡∏≠‡∏ö‡∏°‡∏≤‡∏ï‡∏£‡∏ê‡∏≤‡∏ô,‡∏õ‡∏£‡∏∞‡πÄ‡∏°‡∏¥‡∏ô‡∏ä‡πà‡∏≠‡∏á‡πÇ‡∏´‡∏ß‡πà‡∏Ñ‡∏£‡∏≠‡∏ö‡∏Ñ‡∏•‡∏∏‡∏°‡∏£‡∏∞‡∏ö‡∏ö IT/ICS ‡∏Å‡πà‡∏≠‡∏ô‡πÄ‡∏õ‡∏•‡∏µ‡πà‡∏¢‡∏ô‡πÅ‡∏õ‡∏•‡∏á,üîπ Vulnerability Assessment (VA) + Change Impact Review
‡∏Ç‡πâ‡∏≠ 21.3.9,‡∏Å‡∏£‡∏≠‡∏ö‡∏°‡∏≤‡∏ï‡∏£‡∏ê‡∏≤‡∏ô,‡∏°‡∏µ Process ‡∏à‡∏±‡∏î‡∏Å‡∏≤‡∏£‡∏ä‡πà‡∏≠‡∏á‡πÇ‡∏´‡∏ß‡πà,üîπ Vulnerability Management Program (VMP)
‡∏Ç‡πâ‡∏≠ 21.3.7,‡∏Å‡∏£‡∏≠‡∏ö‡∏°‡∏≤‡∏ï‡∏£‡∏ê‡∏≤‡∏ô,‡∏ú‡∏π‡πâ‡∏ó‡∏î‡∏™‡∏≠‡∏ö‡πÄ‡∏à‡∏≤‡∏∞‡∏£‡∏∞‡∏ö‡∏ö‡∏ï‡πâ‡∏≠‡∏á‡∏°‡∏µ‡πÉ‡∏ö‡∏£‡∏±‡∏ö‡∏£‡∏≠‡∏á‡πÅ‡∏•‡∏∞‡πÄ‡∏õ‡πá‡∏ô‡∏≠‡∏¥‡∏™‡∏£‡∏∞,üîπ PT by Certified & Independent Consultant (e.g. OSCP)
‡∏Ç‡πâ‡∏≠ 22.4.1-22.4.2,‡∏Å‡∏£‡∏≠‡∏ö‡∏°‡∏≤‡∏ï‡∏£‡∏ê‡∏≤‡∏ô,USB & Portable Device Security + Encryption,üîπ Endpoint Security Policy Design & Technical Review
‡∏Ç‡πâ‡∏≠ 22.5.1,‡∏Å‡∏£‡∏≠‡∏ö‡∏°‡∏≤‡∏ï‡∏£‡∏ê‡∏≤‡∏ô,Awareness Program ‡∏™‡∏≥‡∏´‡∏£‡∏±‡∏ö‡∏ó‡∏∏‡∏Å‡∏Å‡∏•‡∏∏‡πà‡∏°‡∏ú‡∏π‡πâ‡πÉ‡∏ä‡πâ,üîπ Cybersecurity Awareness Program (Custom/Generic)
‡∏Ç‡πâ‡∏≠ 23.1.1,‡∏Å‡∏£‡∏≠‡∏ö‡∏°‡∏≤‡∏ï‡∏£‡∏ê‡∏≤‡∏ô,‡∏ï‡∏£‡∏ß‡∏à‡∏à‡∏±‡∏ö‡πÅ‡∏•‡∏∞‡∏ß‡∏¥‡πÄ‡∏Ñ‡∏£‡∏≤‡∏∞‡∏´‡πå‡∏†‡∏±‡∏¢‡πÑ‡∏ã‡πÄ‡∏ö‡∏≠‡∏£‡πå,üîπ Threat Monitoring & SIEM/SOC Service
‡∏Ç‡πâ‡∏≠ 21.4.1-21.4.4,‡∏Å‡∏£‡∏≠‡∏ö‡∏°‡∏≤‡∏ï‡∏£‡∏ê‡∏≤‡∏ô,‡∏ö‡∏£‡∏¥‡∏´‡∏≤‡∏£‡∏à‡∏±‡∏î‡∏Å‡∏≤‡∏£‡∏Ñ‡∏ß‡∏≤‡∏°‡∏°‡∏±‡πà‡∏ô‡∏Ñ‡∏á‡∏Ç‡∏≠‡∏á Third Party,üîπ Third Party Risk Management & Contract Advisory
